<?xml version="1.0" encoding="UTF-8" standalone="yes"?>
<addon id="plugin.video.1080zyk" name="1080资源网" version="1.0.0" provider-name="Developer">
    <requires>
        <import addon="xbmc.python" version="3.0.0"/>
    </requires>
    <extension point="xbmc.python.pluginsource" library="default.py">
        <provides>video</provides>
    </extension>
    <extension point="xbmc.addon.metadata">
        <platform>all</platform>
        <language>zh_cn</language>
        <summary lang="zh_cn">1080资源网 Kodi 插件</summary>
        <description lang="zh_cn">提供来自 1080zyk 的高清影视资源，支持分类浏览、搜索及在线播放。</description>
        <disclaimer lang="zh_cn">本插件仅作为资源站点的接口调用工具，内容均由第三方提供。</disclaimer>
        <assets>
            <icon>icon.png</icon>
            <fanart>fanart.jpg</fanart>
        </assets>
    </extension>
</addon>